CNPJ;Razao Social;Nome Fantasia;Codigo CNAE;CNAE;Municipio;UF;Beneficio Fiscal;Base Legal;Descricao;Inicio Habilitacao;Fim Habilitacao
99552875132608;Cunningham and Sons;Ltd;6601;CNAE 7473;Sethland;SP;Suspensão;Lei 7386;Win action decade.;12/09/2021;02/06/2029
58163913661960;Cooley-Jimenez;LLC;3863;CNAE 1415;West Tracey;ES;Redução de Alíquota;Lei 9828;Television significant area cell left.;24/12/2020;08/06/2029
24912387608306;Cox, Velasquez and Soto;and Sons;9238;CNAE 2545;Danielmouth;RJ;Isenção;Lei 6717;Nature dinner later perform source car level.;23/04/2024;28/08/2028
42622804417615;Wolf Ltd;LLC;2420;CNAE 3383;South Robert;MS;Isenção;Lei 8557;Into part important cost compare word bill open.;17/11/2023;17/09/2027
73863701698471;Solis, Sanchez and Smith;and Sons;7979;CNAE 2711;Connieburgh;GO;Outros;Lei 1274;Five need off through.;07/10/2023;28/05/2028
54169672844063;Smith-Baker;and Sons;8876;CNAE 3970;New Alexisbury;MT;Outros;Lei 830;Career director end new must practice quality.;26/12/2020;22/05/2026
36659154098029;Perry, Sullivan and Perry;LLC;3732;CNAE 8261;Port Cynthia;RN;Isenção;Lei 628;Onto respond scientist seek.;16/09/2023;08/11/2027
75489003961349;Sandoval, Green and Avila;PLC;8941;CNAE 4993;East Cynthia;CE;Outros;Lei 5442;Without individual property local around large system store.;04/05/2020;03/01/2026
16726206376057;Jones-Weaver;Group;7768;CNAE 2453;Youngchester;RR;Suspensão;Lei 4095;Better million beat some movement nothing.;04/07/2021;30/04/2027
96273717866966;Thomas Inc;PLC;8636;CNAE 2070;Toddberg;SC;Outros;Lei 8615;Environment door here crime full.;01/10/2023;03/07/2027
72316088217098;Baker Inc;LLC;4614;CNAE 4713;Martinezton;PA;Redução de Alíquota;Lei 7912;Paper six wish wind ball.;09/07/2021;25/08/2028
70222622333354;Reyes, Kramer and Reed;PLC;3349;CNAE 3660;Alexfurt;AC;Redução de Alíquota;Lei 4171;Street water development easy resource reach art.;15/07/2020;24/10/2029
90029784910503;Williams PLC;LLC;7729;CNAE 1000;Port Laurenchester;AM;Redução de Alíquota;Lei 6555;Approach off act possible.;17/05/2022;17/11/2026
95466616295934;Huynh LLC;Inc;9076;CNAE 2975;Lawrenceside;TO;Isenção;Lei 2417;Spend personal population fill evidence he.;25/09/2020;23/08/2028
49024474389970;Valencia Inc;LLC;4002;CNAE 3312;Danielville;AP;Outros;Lei 7837;Again imagine tend through truth rise strategy.;04/11/2021;08/10/2029
55364878002081;Mcguire-Martinez;LLC;8903;CNAE 6095;Loriside;ES;Isenção;Lei 8356;Future leave operation direction yes.;04/07/2020;05/02/2027
87357695180044;Walker LLC;LLC;8533;CNAE 5384;Andersontown;RS;Redução de Alíquota;Lei 855;Trial kitchen style learn tend challenge space rich.;22/08/2023;19/11/2024
92949768631168;Clay PLC;Inc;3314;CNAE 3129;Harveyfort;RJ;Redução de Alíquota;Lei 1433;Receive all collection idea.;16/01/2022;12/05/2025
75685683835617;Mitchell, Parker and Stanley;Group;7290;CNAE 9869;Jesuschester;RJ;Suspensão;Lei 3433;Perform check though management girl.;25/12/2020;08/12/2026
16883518466718;Rodriguez-Richardson;Ltd;7918;CNAE 2792;East Amber;SE;Isenção;Lei 9880;Public image movie even soon hospital wonder.;25/01/2022;01/07/2027
41632963981734;Hamilton-Pitts;PLC;1630;CNAE 5341;Samuelbury;RS;Suspensão;Lei 2473;Serve way increase dog building maybe.;23/06/2020;29/06/2027
66034873350254;Long LLC;PLC;8710;CNAE 2348;New Courtney;SC;Suspensão;Lei 3954;Spring drug short those car street skill table.;14/10/2023;24/02/2027
28921658263743;Phelps, Pierce and Parks;and Sons;1043;CNAE 4145;Lake Juliaville;CE;Redução de Alíquota;Lei 8966;Image work campaign condition form on Mrs two.;29/01/2020;11/07/2028
82662967907589;Lamb-Griffith;LLC;5670;CNAE 3660;North Kristinaview;ES;Outros;Lei 363;Third forward meeting figure agree.;14/08/2022;25/05/2026
19437674704969;Rosales Group;Group;2628;CNAE 1871;East Jefferyshire;TO;Redução de Alíquota;Lei 1753;Someone short family floor mean many home.;08/03/2024;05/04/2027
41705225549068;Ewing-Green;Inc;4897;CNAE 3158;North Aaronbury;MS;Suspensão;Lei 4468;Direction side financial room.;21/04/2021;27/09/2026
58253297372618;Bernard and Sons;Group;1655;CNAE 1601;Mitchellbury;PI;Isenção;Lei 6660;Get daughter sing plant.;24/11/2021;23/01/2029
23211946722059;Harrington, Cox and Smith;Ltd;3839;CNAE 3424;East Ryan;BA;Suspensão;Lei 1031;Plant road concern crime.;23/01/2023;17/05/2025
32001209297624;Johnson, Welch and Hill;Ltd;6973;CNAE 8660;Scottfurt;AC;Isenção;Lei 3566;Pm might difficult property different television save.;27/05/2023;01/08/2027
60847893974193;Mccann-Lewis;Inc;3042;CNAE 5270;Lake Traceyfurt;AL;Isenção;Lei 2572;Memory suddenly fund tough.;19/11/2022;12/09/2027
42974529850458;Strickland-Miller;Group;5087;CNAE 1233;Ashleyberg;MT;Suspensão;Lei 6249;Hand avoid practice couple black education.;17/05/2023;08/03/2028
12067545383066;Gaines Ltd;LLC;6467;CNAE 7230;Jonesport;RS;Isenção;Lei 1819;Know some subject free always.;25/05/2020;28/05/2027
95385292391791;Ramos-Davis;Ltd;9749;CNAE 7482;Haleyberg;RO;Outros;Lei 4984;Teacher population pass still argue experience student.;23/09/2022;14/09/2025
82162805644435;Cross Inc;and Sons;5065;CNAE 4697;Port Michael;TO;Redução de Alíquota;Lei 9527;Boy save rise only expect indeed.;06/05/2023;06/08/2025
52033128229932;Contreras LLC;PLC;5795;CNAE 7230;Gutierrezfurt;RO;Suspensão;Lei 6908;Give none determine bring decade make.;14/10/2022;21/02/2025
82272876936460;Clark, Wheeler and Johnson;Inc;7502;CNAE 7128;Christophertown;BA;Redução de Alíquota;Lei 8726;Field research the wish involve century business.;29/03/2022;27/10/2026
73702352450806;Hess Group;PLC;7643;CNAE 5506;Gordontown;CE;Redução de Alíquota;Lei 9394;Direction less impact.;20/01/2021;24/02/2027
61146005919699;Bowen Ltd;Inc;3602;CNAE 1593;Lake James;ES;Suspensão;Lei 424;Less rock reality service establish fire stand.;19/08/2020;19/08/2027
95105083939457;Patterson LLC;Group;6259;CNAE 8106;New Keithfurt;RR;Redução de Alíquota;Lei 6511;Us pressure person.;26/04/2022;11/01/2025
92776044907501;Sanchez-Moore;and Sons;1791;CNAE 3422;South Williamstad;RO;Suspensão;Lei 8571;Poor security to.;10/07/2023;18/06/2027
64561467452383;Davis, Ramirez and Ochoa;Inc;9631;CNAE 1974;Angelaport;SE;Isenção;Lei 6543;Generation defense to risk.;21/05/2023;26/08/2024
88321183675741;Brewer Group;LLC;5883;CNAE 8335;New Kelly;BA;Outros;Lei 9560;Source price artist industry need short rule.;11/01/2021;10/01/2029
18850846886941;Suarez and Sons;Group;1573;CNAE 9062;Hallmouth;MA;Isenção;Lei 3781;Red to understand political.;24/04/2021;14/12/2024
54369374728384;Sanchez Group;Ltd;8221;CNAE 6792;Galvanmouth;MG;Isenção;Lei 7725;Modern these way same save.;07/05/2021;24/08/2027
16641217770270;Grant Ltd;and Sons;9235;CNAE 6564;Fisherfort;MT;Isenção;Lei 5122;School break strong factor cup others south of.;01/03/2023;25/09/2026
91490737304053;Cummings-Brandt;Group;4083;CNAE 6696;Carlfurt;MG;Outros;Lei 2049;Answer option age half century have today.;28/05/2021;02/06/2028
44503023656219;Snyder Inc;Inc;6264;CNAE 7358;Port Lindastad;CE;Suspensão;Lei 2496;Stage word hair easy push down.;23/07/2020;26/06/2027
57053478215781;Wright LLC;Group;1427;CNAE 6754;Williambury;MG;Isenção;Lei 9036;Fund contain use.;01/05/2022;27/04/2025
83885104219994;Daniels and Sons;PLC;3712;CNAE 2792;East Jennifer;RN;Suspensão;Lei 867;Item investment guy personal.;31/07/2020;03/11/2027
96738775216378;Myers-Mueller;Ltd;3622;CNAE 1676;Zunigaport;AM;Outros;Lei 9470;Bill the where.;26/02/2020;15/11/2028
90158736926795;Bishop, Nichols and Rodriguez;PLC;7470;CNAE 3592;Gilmoreborough;PB;Suspensão;Lei 8367;Sometimes class hand stuff available simply.;14/03/2024;08/06/2027
44667897974772;Lee LLC;PLC;1709;CNAE 2969;Kingchester;MA;Isenção;Lei 5670;Five bit outside message know.;10/07/2021;02/06/2029
23917982468800;Norris-James;LLC;9768;CNAE 3417;Kingborough;SP;Outros;Lei 2645;Return popular consumer thousand study.;02/06/2024;15/09/2025
75007445497152;Gonzales-Nelson;and Sons;7865;CNAE 5520;Port Ryanberg;GO;Suspensão;Lei 237;Indeed already speech writer list able.;04/04/2022;13/07/2025
45512077353152;Adkins, David and Sanders;Group;2889;CNAE 8675;East Brenda;RR;Redução de Alíquota;Lei 6684;Compare financial that summer.;26/11/2021;03/08/2029
94667525809835;Perkins, Williams and Adkins;Group;7021;CNAE 8372;Serranomouth;PA;Redução de Alíquota;Lei 4113;Might part situation article expect explain attack.;22/06/2020;08/09/2028
80253806156073;Hayes Inc;Group;4712;CNAE 5496;West Mollyburgh;TO;Suspensão;Lei 1100;Letter author south expert key create wonder.;27/10/2023;08/01/2026
37787249653263;Crawford-Kennedy;PLC;5592;CNAE 5140;Lake Charlesmouth;ES;Outros;Lei 8464;Call radio from baby large hot building.;01/11/2021;06/05/2028
91952881206636;Ballard-Clarke;Inc;6990;CNAE 1558;Port Markmouth;AP;Redução de Alíquota;Lei 5748;How cultural war Republican she.;10/03/2024;13/11/2025
93207903136900;Romero-Howard;Group;7796;CNAE 5321;Port Steven;CE;Suspensão;Lei 5797;Crime begin condition or.;02/09/2021;25/03/2026
59719425591588;Chavez, Vazquez and Williams;Inc;8827;CNAE 5525;Kirbyborough;RN;Isenção;Lei 732;Body power against meet join sea usually.;23/02/2024;20/07/2026
33505843088331;Bell-Munoz;LLC;9425;CNAE 1304;Hicksborough;ES;Outros;Lei 2931;Mention hit agreement success site stock.;14/05/2021;31/03/2025
62006841200879;Ingram, Haney and Page;and Sons;4236;CNAE 4081;Faulknerborough;MS;Isenção;Lei 944;Often man recent nation source her computer water.;08/01/2023;04/03/2028
95862096750254;Dean, Knight and Dodson;Inc;4545;CNAE 9245;Swansontown;AP;Suspensão;Lei 4207;College painting former discover matter task.;18/06/2023;15/12/2025
31693842270421;White-Bishop;Group;9645;CNAE 5352;Barrettmouth;MA;Isenção;Lei 5717;Environmental central indeed avoid career measure.;25/11/2023;02/08/2027
12460519772398;Romero-Logan;and Sons;4843;CNAE 2020;East Bradleyfurt;SC;Suspensão;Lei 4322;Herself service almost training.;10/08/2022;05/08/2026
65761464818356;Cardenas and Sons;Inc;7391;CNAE 1743;South John;SP;Isenção;Lei 481;Others success inside office since.;15/02/2022;27/12/2027
52118631114031;Cisneros-Ross;Ltd;9912;CNAE 7912;Brucehaven;TO;Suspensão;Lei 1296;Hot sing trial now not.;05/01/2021;06/02/2026
58371886763783;Acosta Group;LLC;9101;CNAE 9842;West Erin;PB;Outros;Lei 2766;West among financial dark.;12/02/2020;11/09/2027
32503347733515;Reyes Group;Group;3672;CNAE 4812;Lake Russellside;RN;Redução de Alíquota;Lei 539;Operation onto allow big stuff.;01/02/2021;18/09/2025
72154423610445;Velez and Sons;and Sons;8273;CNAE 1229;Ramosfurt;AP;Isenção;Lei 3822;Article morning anyone role.;04/12/2022;11/07/2029
55944973928728;Williams-Williams;and Sons;9740;CNAE 8719;Danielshire;BA;Outros;Lei 1890;Send outside if important.;26/05/2022;14/12/2027
61739591929066;Werner LLC;Inc;4120;CNAE 6963;North John;BA;Suspensão;Lei 1976;Several religious Democrat.;18/12/2022;20/12/2029
79251267758400;Mcbride Inc;and Sons;2331;CNAE 5041;North Christina;AM;Isenção;Lei 5075;Do audience address they.;20/09/2023;07/09/2027
36745856349625;Patterson-Rodgers;Group;8026;CNAE 4100;Port Joychester;MS;Redução de Alíquota;Lei 1355;Condition recognize expert stay range discuss.;24/03/2023;04/09/2026
88069568369700;Aguilar and Sons;Ltd;3657;CNAE 8016;Paulport;RJ;Isenção;Lei 7821;Full media attorney discussion.;14/06/2020;11/09/2028
36497026268920;Carlson, Singleton and Bennett;LLC;5367;CNAE 9669;Brownburgh;MS;Isenção;Lei 4500;Present truth effort account.;26/11/2021;11/09/2024
85709155486051;Jacobson, Johnson and Rojas;LLC;1763;CNAE 8098;Yolandafort;MT;Outros;Lei 6921;Drop garden wind relate each if community.;30/09/2022;07/09/2024
20434923089988;Coleman, Villa and Graves;Inc;8730;CNAE 4983;Burgessbury;AM;Outros;Lei 7893;Despite wish subject nearly interest test.;19/12/2023;02/12/2025
49262993361506;Ware, Peterson and Simon;Inc;5520;CNAE 8743;North Angelaberg;AM;Outros;Lei 5410;Tax particular professional tonight them interview interest.;25/07/2023;16/11/2027
70140553222485;Trujillo, Johnson and Estrada;and Sons;7175;CNAE 7168;Brownland;TO;Redução de Alíquota;Lei 6813;Yourself effort stop central.;26/10/2021;16/10/2026
18448273744443;Braun and Sons;PLC;2867;CNAE 3836;East Victoriashire;RO;Isenção;Lei 4675;Main evening car radio avoid.;18/07/2022;04/01/2027
85314612552871;Johnson-Espinoza;Ltd;9484;CNAE 3809;North Ericton;CE;Isenção;Lei 9764;Herself series me could.;19/04/2021;21/05/2029
69444696160507;Nelson, Hernandez and Rodriguez;PLC;5777;CNAE 5350;South Rachelview;ES;Outros;Lei 9416;Strategy full eye here.;06/02/2024;21/08/2024
49453508125597;Smith, Marquez and Graves;PLC;8162;CNAE 2005;Santiagofort;RN;Suspensão;Lei 3101;Challenge hear quality some.;06/05/2024;05/07/2029
89396612939193;Mitchell Inc;and Sons;7308;CNAE 1322;Lake Andreamouth;DF;Outros;Lei 8712;Eat investment large picture provide such former.;14/04/2021;03/12/2029
57441101444005;Chambers-Carrillo;Ltd;5947;CNAE 3025;Petersenmouth;CE;Suspensão;Lei 9073;Child state design.;16/06/2020;22/03/2025
85430938060313;Burnett LLC;LLC;6367;CNAE 9662;South Andreaville;RO;Redução de Alíquota;Lei 5939;Describe art oil similar after you.;30/01/2024;28/07/2027
72158537360931;Bryant, Gibson and Peck;Inc;2150;CNAE 6411;Stephaniechester;RR;Suspensão;Lei 1191;Quality late up build now.;25/04/2021;11/06/2028
43725277934843;Carter, Wu and Fisher;LLC;2890;CNAE 5600;Khanberg;MA;Isenção;Lei 5042;Range ready yard individual against.;26/06/2022;24/08/2028
98060868078373;Jackson, Frederick and Bryant;Inc;2209;CNAE 8631;Karenborough;PR;Outros;Lei 138;Remain our some type fall television.;07/12/2021;31/07/2024
80984701689271;Barnes, Arnold and Baker;Inc;4552;CNAE 5808;Nicoleton;TO;Suspensão;Lei 9715;Director rate a mother notice society.;29/05/2020;28/02/2028
18178946293329;Cox-Barnes;Ltd;2851;CNAE 3552;North Juliamouth;PE;Outros;Lei 9438;Race the security relationship think site.;22/09/2022;11/10/2024
17105695968139;Wiley PLC;Group;6063;CNAE 6468;Shelleyview;SE;Outros;Lei 896;Image international science inside bed face.;12/09/2020;25/03/2028
78516418781089;Hamilton-Guzman;Group;9397;CNAE 7004;North Williamborough;PA;Isenção;Lei 8043;Boy ball second edge you machine.;21/08/2022;29/09/2024
57194137761518;Mccoy-Nelson;Ltd;2004;CNAE 7633;New Juliebury;RJ;Outros;Lei 1318;Represent onto great window boy picture.;25/07/2022;23/01/2025
58726089981299;Dunn-Hall;Group;5228;CNAE 1062;Coryton;BA;Suspensão;Lei 2687;Operation interview need citizen.;12/08/2020;10/04/2026
78257872120753;Murphy, Mays and Butler;PLC;5784;CNAE 4806;Port Michael;AP;Redução de Alíquota;Lei 6447;Spend respond trade human hear carry.;08/09/2020;16/04/2029
98732483035782;Howell, Peters and Adkins;Ltd;2385;CNAE 8664;South Peterfurt;MG;Suspensão;Lei 7901;Fact many what case certain study may we.;17/01/2020;16/02/2025
14373819930977;Conrad-Ferguson;and Sons;8700;CNAE 8091;Reedville;MT;Isenção;Lei 4712;Figure establish pay need institution machine.;02/03/2022;02/10/2024
93489860884372;Villa, Evans and Brown;Ltd;8864;CNAE 9277;New Cynthia;PE;Redução de Alíquota;Lei 8457;Black how that reality various religious type.;29/07/2020;30/03/2025
93890481882476;Bauer, Garcia and Burton;PLC;9531;CNAE 3829;North Brianport;PA;Outros;Lei 2681;Heart civil black.;15/01/2021;27/06/2027
80237150342247;Hill, Perez and Murillo;Group;2484;CNAE 9439;Sarahfort;RN;Redução de Alíquota;Lei 1004;Behavior action particularly program drop boy.;14/01/2021;28/11/2029
86227782780900;Brennan LLC;Group;1062;CNAE 9196;Williamside;RR;Redução de Alíquota;Lei 877;Knowledge character here successful religious less.;05/10/2023;17/11/2026
62538857189430;Choi, Chang and Wilson;PLC;8567;CNAE 7526;Brandonfurt;PR;Suspensão;Lei 8673;Most campaign hospital.;06/03/2024;23/12/2028
69519688059766;Singleton LLC;LLC;1029;CNAE 7776;Herrerahaven;CE;Isenção;Lei 2396;Recent international tree the attention describe.;11/05/2023;22/08/2029
73909520042252;Gross PLC;PLC;3526;CNAE 2602;South James;RO;Isenção;Lei 2637;Speech war understand enter cup art.;27/05/2024;28/05/2029
96065042814352;Lopez, Mason and Taylor;and Sons;2417;CNAE 3101;Port Nicoleberg;AC;Isenção;Lei 1566;Radio recent drop church necessary structure.;06/05/2023;19/11/2027
38431020674650;Lane Ltd;LLC;9393;CNAE 5116;South Joshuatown;ES;Outros;Lei 2725;Win east fear plant dream can.;04/10/2023;29/11/2029
72338454079077;Figueroa, Ray and Scott;LLC;2785;CNAE 7939;Katelynborough;AP;Outros;Lei 1518;Recognize stock eight add performance off.;18/02/2023;10/03/2028
25279155012004;Martin-Gonzalez;Inc;3452;CNAE 3774;Davidshire;PB;Isenção;Lei 9052;Reason girl identify firm society authority.;07/03/2023;19/11/2024
40078830970066;Rivera LLC;Ltd;9628;CNAE 6861;Leblancbury;SC;Redução de Alíquota;Lei 1457;Rule able material.;05/10/2022;31/07/2024
68976043361589;Anderson, Long and Johnson;and Sons;1794;CNAE 4299;Nortonport;TO;Redução de Alíquota;Lei 5027;Police enter final set.;20/02/2023;12/10/2026
76484472850305;Zuniga-Castillo;LLC;7022;CNAE 5158;New Stacy;MS;Outros;Lei 5286;Mission reach cell.;29/01/2020;28/02/2028
56147777219431;Dean Inc;PLC;2074;CNAE 8937;Lucasmouth;AL;Suspensão;Lei 9092;Environment difference member service address people.;29/07/2023;21/03/2028
34421070394798;Scott Group;and Sons;9725;CNAE 2866;South Rachaelside;ES;Redução de Alíquota;Lei 7155;Organization claim history those talk next too.;17/02/2024;01/02/2029
11826209084755;Ochoa Ltd;PLC;8453;CNAE 9638;Gallegoshaven;SC;Redução de Alíquota;Lei 1803;Thank until court account idea loss dream.;05/04/2022;25/06/2025
40802722253808;Barber, Payne and Perez;PLC;6741;CNAE 2874;New Kelly;AP;Isenção;Lei 6047;Pick notice change into pass positive.;04/12/2022;14/12/2026
77290577532124;Blankenship-Miller;Ltd;9068;CNAE 3163;East Kristenview;GO;Isenção;Lei 264;Popular help imagine politics difficult skin reflect notice.;15/03/2024;11/08/2026
74309180940105;Powell LLC;PLC;8135;CNAE 2197;Fredtown;AP;Redução de Alíquota;Lei 8241;Society hard friend option.;07/11/2023;22/03/2025
58144465265268;Wong Inc;Group;3811;CNAE 2326;Morrisonfort;RJ;Suspensão;Lei 4569;Cost only record somebody thought lose quite.;11/07/2022;08/04/2029
70018426842874;Jensen-Pierce;Group;7007;CNAE 9959;Lake Kristyshire;DF;Suspensão;Lei 7575;Business whose collection style.;16/11/2021;16/08/2026
44792890266173;Smith-Smith;Ltd;5898;CNAE 7831;New Tonifort;MT;Isenção;Lei 8474;Respond many including far treatment large.;02/01/2021;20/11/2029
44728551737946;Adams, Clements and Morgan;Inc;7031;CNAE 2599;North Colin;PI;Isenção;Lei 4979;Main computer clearly leave high good return.;09/03/2022;12/09/2028
98191977463839;Bradley-Williams;Ltd;7566;CNAE 5307;Newmanchester;SC;Outros;Lei 9899;College scientist position world medical close amount.;23/12/2020;23/12/2029
82800783291675;Nguyen-Cruz;PLC;5589;CNAE 1121;Griffinchester;SC;Redução de Alíquota;Lei 2072;Public majority available whatever art court right.;23/07/2023;18/10/2027
21100886652566;Stevenson, Day and Gomez;Inc;9975;CNAE 4545;Brittanyview;RN;Isenção;Lei 4949;Style interest painting.;04/12/2020;19/10/2024
40094612357258;Ponce Inc;and Sons;9480;CNAE 6145;Lake Marissa;AL;Isenção;Lei 5846;Ten to always why just.;14/05/2022;28/12/2026
86643323296265;Mcmahon, Williams and Ward;LLC;1924;CNAE 4110;New Joshuaborough;RR;Outros;Lei 9187;Can own yourself piece natural challenge meet.;17/11/2021;27/08/2024
86000521295763;Mooney-Coleman;and Sons;9395;CNAE 6693;Roberthaven;MA;Suspensão;Lei 3146;Difference himself experience.;02/05/2020;04/06/2028
88133118090551;Norman, Stevenson and Patterson;PLC;2080;CNAE 9675;East Justinside;CE;Outros;Lei 2960;Republican information look commercial class use agreement.;13/04/2024;12/05/2026
76670738777196;Farrell-Thompson;Group;8855;CNAE 8326;South Michellechester;MT;Outros;Lei 4188;Girl full hear every.;21/11/2022;31/01/2028
76168616690881;Ryan Inc;Group;2046;CNAE 2936;North Gabriel;PA;Outros;Lei 8526;Give visit fear law music score site.;29/12/2022;07/09/2025
61812074145444;Sanchez and Sons;and Sons;1528;CNAE 9691;Jasonmouth;DF;Outros;Lei 2669;Girl add college test instead.;23/08/2022;13/05/2026
50504648927944;Hernandez-Holloway;PLC;1401;CNAE 4703;Port Dianahaven;RJ;Redução de Alíquota;Lei 9468;Ready notice class another body.;22/11/2022;22/03/2027
60789028725927;Navarro, Gonzalez and Murphy;LLC;4117;CNAE 6074;Hamiltonside;RR;Suspensão;Lei 6218;Cup consumer remember court successful on.;12/09/2021;04/01/2025
79971455430522;Williamson Ltd;LLC;2178;CNAE 6883;Carlstad;MG;Suspensão;Lei 2461;Make free understand interesting garden meeting pay.;18/06/2024;17/09/2027
64483072458427;Kline Inc;Inc;1635;CNAE 8609;West Robert;MA;Isenção;Lei 749;Century opportunity else star despite.;04/01/2020;17/02/2025
14333559762911;Gray-Schwartz;and Sons;7686;CNAE 8524;South Tiffanyside;PE;Suspensão;Lei 1767;Which area carry available.;14/01/2022;10/02/2029
19854291054794;Foster-Maldonado;Group;3181;CNAE 7067;Kathrynhaven;AL;Redução de Alíquota;Lei 8016;Return crime important try enjoy sit bank.;17/05/2022;22/02/2029
12284644825238;Edwards-Huang;PLC;6336;CNAE 2576;West Steve;MG;Redução de Alíquota;Lei 697;East toward left soon society.;01/01/2020;16/06/2026
11322457012531;Duncan, Gray and Bates;Inc;9781;CNAE 8652;Dillonmouth;AM;Isenção;Lei 7452;Player politics dream treatment.;05/11/2022;22/01/2026
41404064389662;Crawford LLC;and Sons;1129;CNAE 3205;Hamptonfort;RJ;Outros;Lei 2943;Responsibility son development adult.;12/12/2021;05/02/2027
85787558565031;Jones-Norris;PLC;9252;CNAE 9511;North Steven;PR;Isenção;Lei 5607;Wear represent tough skin quite believe deep.;03/01/2021;06/04/2026
39293019996210;Bush-Howard;Ltd;8385;CNAE 9332;Sharpstad;SP;Suspensão;Lei 1739;Action listen share series between.;13/02/2024;25/05/2026
42618579716333;Hall LLC;Group;3655;CNAE 2918;Donaldport;AC;Isenção;Lei 4088;Individual attorney at probably.;16/12/2023;17/05/2026
52003637973924;Hoffman, Mercer and Gutierrez;PLC;6637;CNAE 7924;Angelafurt;AM;Isenção;Lei 9150;Movement magazine travel guy follow around section.;15/08/2021;14/06/2025
55300974578000;Shea-Savage;PLC;8187;CNAE 2422;East Scottbury;RS;Isenção;Lei 9903;Before class within.;12/12/2022;14/04/2025
93875886518573;Norris, Atkinson and Perez;Inc;7039;CNAE 6060;West Tiffany;BA;Suspensão;Lei 5704;Sea officer civil may.;29/08/2022;29/10/2028
49446537208611;Chavez-Wilson;LLC;6693;CNAE 7439;Ericfort;PA;Isenção;Lei 7589;Main such whole commercial.;06/07/2020;04/10/2024
54127231907709;Hamilton, Lee and Gross;Ltd;6857;CNAE 5955;South Krystal;MA;Outros;Lei 7992;True actually per security own politics bad.;20/11/2023;03/12/2029
81870046126908;Patterson-Williams;LLC;8445;CNAE 2725;West Karen;ES;Suspensão;Lei 9652;Page tend artist necessary.;31/07/2020;27/11/2027
83419955370321;Walker and Sons;LLC;1543;CNAE 9575;North Ericside;AC;Redução de Alíquota;Lei 8514;Yeah or yet.;17/04/2022;07/09/2024
54470757039149;Burgess-Lawrence;Ltd;6977;CNAE 4826;Christopherberg;MS;Isenção;Lei 3084;Husband human crime total animal agency college I.;03/05/2021;29/08/2028
17254283891596;Allen-Mcdowell;LLC;8428;CNAE 1778;Maryfort;RR;Outros;Lei 9120;Attack better turn quickly professor red cup week.;13/04/2023;05/07/2026
14448226507405;Mcgrath Group;PLC;5633;CNAE 1675;Derekport;PI;Redução de Alíquota;Lei 4136;Read rather issue apply well investment.;21/04/2024;18/08/2025
14908715239824;Phillips-Shields;Ltd;4470;CNAE 4558;West Darrellstad;ES;Outros;Lei 5157;Course really good item.;15/11/2022;29/01/2027
59348137958199;Riley, Kim and Giles;Ltd;5855;CNAE 7149;Waltersville;MS;Outros;Lei 3103;Reflect day participant cultural.;07/06/2023;10/02/2027
73588183993399;Wong, Allen and Davis;LLC;6031;CNAE 4773;West Jessica;AM;Suspensão;Lei 4845;Nearly charge open painting unit teacher.;12/11/2021;15/06/2026
30078401190227;Martinez and Sons;Inc;9410;CNAE 3558;Wagnerside;DF;Outros;Lei 9986;Reflect hot difficult all whether.;14/02/2023;24/10/2025
85363034220008;Miller-Stein;and Sons;6699;CNAE 9426;North Davidfurt;GO;Outros;Lei 9229;Continue reason generation worker.;09/10/2023;15/12/2027
33177945551393;Henderson-Mcdowell;and Sons;6748;CNAE 3770;Lake Charles;TO;Redução de Alíquota;Lei 6741;Wonder travel business system.;16/10/2020;18/11/2026
47400417764041;Burns-Montoya;Group;9263;CNAE 9583;Stewartchester;PR;Redução de Alíquota;Lei 12;Campaign house Mrs member technology property.;26/09/2022;18/07/2026
23168618070190;Morrow Ltd;Group;7875;CNAE 4918;Andrewfurt;RJ;Isenção;Lei 9906;According leg race what speech us reach design.;06/03/2020;31/12/2026
74247053276861;Warren-Thomas;Inc;1458;CNAE 8077;Port Ronnietown;AM;Suspensão;Lei 9443;Later avoid at.;15/01/2020;30/10/2028
72076665887884;Lang Group;Inc;4974;CNAE 4056;Ericmouth;AL;Outros;Lei 919;Herself center office media yeah certainly form.;30/07/2021;06/03/2028
39972707391697;Nelson Inc;Inc;8367;CNAE 8253;Lake Regina;GO;Suspensão;Lei 5726;Chair low outside join send let.;11/12/2023;11/11/2028
19063756430246;Kane, Mays and Knight;LLC;9432;CNAE 2733;Wendyton;SP;Isenção;Lei 9716;Pay contain north heavy.;03/04/2021;05/11/2029
20228189065491;Huerta-Pearson;and Sons;8360;CNAE 1845;South Jacob;RS;Isenção;Lei 7618;Think music myself role get standard whether.;15/07/2023;02/07/2027
79080292288345;Rodriguez Group;Group;3217;CNAE 4044;North Steven;DF;Redução de Alíquota;Lei 2720;Wide college same record factor agency.;11/12/2022;31/01/2025
19709433850997;Rodriguez, Casey and Skinner;Group;6041;CNAE 5389;Johnport;AM;Redução de Alíquota;Lei 7912;Person couple ground quality property in.;04/08/2021;08/08/2029
64616079273430;Logan Ltd;and Sons;4903;CNAE 9710;Port Jennifer;RO;Redução de Alíquota;Lei 5513;Especially quickly suddenly itself break.;25/07/2022;30/11/2028
20046406536043;Lopez-Barrett;Ltd;3878;CNAE 3480;North Debbie;AP;Suspensão;Lei 7339;Consumer field stage threat.;08/06/2020;19/10/2028
56058528124610;Brown-Nunez;Ltd;9724;CNAE 9003;East David;PA;Isenção;Lei 9149;Not voice size section recently no argue.;27/02/2024;19/11/2026
77993090035446;Gordon-Schmidt;LLC;7664;CNAE 1047;New Emily;SC;Suspensão;Lei 3735;Else environmental leader take spring.;30/01/2023;14/11/2028
76624105870800;Vasquez-Lynch;PLC;4523;CNAE 8413;Spencerton;MT;Suspensão;Lei 4498;Voice pick worry organization social.;12/05/2021;02/03/2029
91037219475892;Jones, Myers and Clark;and Sons;9483;CNAE 3730;Lake Shannon;PE;Suspensão;Lei 5840;Mention stock have middle.;06/10/2020;05/12/2027
87000542316123;Gibson, Martin and Forbes;Group;7221;CNAE 6643;Lake Robert;SC;Isenção;Lei 2234;Cultural project western.;16/05/2020;02/09/2025
26329155631314;Gonzalez, Boyd and Cox;PLC;2738;CNAE 9205;Crystalville;PR;Isenção;Lei 3097;Fill along positive be soon.;07/03/2021;05/06/2027
83237516052212;Hunter, Watson and Garcia;Inc;1079;CNAE 5779;West Christopher;DF;Outros;Lei 972;Red remain yard where just he conference.;19/12/2023;14/03/2029
75468784018713;King, Owens and Santiago;and Sons;8614;CNAE 2124;Lake Robert;MG;Suspensão;Lei 4457;Almost cost front behind allow.;06/05/2024;27/05/2029
80369175595605;Nelson, Smith and Martinez;Inc;4441;CNAE 1896;Williambury;PB;Isenção;Lei 6713;Firm car page buy issue pick.;20/02/2020;05/01/2025
25627971282918;Lopez Group;LLC;6696;CNAE 2895;Port Timothyfort;TO;Suspensão;Lei 904;Raise meet onto beat agreement great view.;08/03/2021;02/09/2025
48918404289071;Bell, Morrow and Brown;and Sons;9669;CNAE 8417;South Lawrenceburgh;AC;Isenção;Lei 5504;Eye time away wear join.;14/02/2020;25/03/2027
13284020243698;Douglas, Thompson and Trevino;Ltd;8473;CNAE 3193;Kristinview;AL;Isenção;Lei 6021;Few for source onto.;25/06/2023;18/02/2029
19395611449523;Meadows LLC;LLC;3091;CNAE 1541;Morenoberg;RR;Isenção;Lei 4299;Break act enjoy goal arrive yet action.;20/09/2021;06/02/2028
49390198585413;Brown-West;LLC;1744;CNAE 3900;Andersonburgh;RO;Suspensão;Lei 2494;Option little worker into serve whole instead.;22/04/2022;25/10/2026
41655012997264;Thornton-Douglas;Group;7155;CNAE 7264;Lake Ian;CE;Isenção;Lei 374;Church economy nothing can region.;13/05/2023;08/04/2028
30266609826864;Oconnell LLC;Group;4580;CNAE 7977;West Jonathanfort;SP;Redução de Alíquota;Lei 8331;Need effort nothing reach.;08/03/2021;16/07/2026
74419502249939;Campbell-Baker;LLC;2014;CNAE 6668;Michaeltown;MS;Isenção;Lei 1948;Pattern fish available blood.;11/01/2024;25/05/2025
96242418612192;Padilla LLC;Ltd;5460;CNAE 4512;Lake David;MT;Isenção;Lei 2467;Actually yeah not somebody mean effort.;13/04/2022;07/09/2027
40663176630031;Webb, Mejia and Evans;Group;8569;CNAE 7555;East Scott;PB;Redução de Alíquota;Lei 6248;Lead course source describe company high nature as.;28/06/2020;15/07/2029
36300772504216;Jackson, Robinson and Hart;LLC;1675;CNAE 1257;Wallacemouth;CE;Redução de Alíquota;Lei 1774;Structure over car trouble.;20/01/2020;18/06/2029
51605423127102;Chavez PLC;Group;3202;CNAE 7688;New Wendyland;AL;Redução de Alíquota;Lei 2884;Marriage book politics low section garden.;10/10/2022;16/02/2025
80015375051036;Garza-Brown;PLC;6740;CNAE 3320;Lake Kevinstad;AC;Isenção;Lei 2882;Town let left customer should.;08/07/2020;28/06/2027
25437916252496;Zamora-Garcia;PLC;7403;CNAE 4086;Lake Christopherport;RS;Outros;Lei 1357;Game way explain chair.;07/01/2021;24/07/2026
67213266761075;Wood-Johnson;Group;3444;CNAE 8059;North Sandra;SC;Outros;Lei 7344;Loss build class.;21/11/2022;16/11/2028
16841584969569;Mckinney-Boyd;and Sons;9807;CNAE 6368;East Vernonchester;GO;Suspensão;Lei 6907;Account yes professional fly.;05/10/2021;13/01/2026
33575779402161;Bates-Vargas;Ltd;6107;CNAE 5866;South Lindaside;RR;Redução de Alíquota;Lei 7376;Beyond most son above between wrong remain buy.;27/12/2023;03/12/2024
55261492271928;Farrell, Robbins and Garrison;LLC;7757;CNAE 4945;Evansville;AC;Suspensão;Lei 4729;Church attorney keep.;05/08/2022;13/08/2028
93977778019641;James Inc;Group;5064;CNAE 3571;Wolffurt;CE;Suspensão;Lei 8792;Interest water draw seven town.;09/07/2020;22/11/2025
56190336467847;Martin Inc;PLC;7244;CNAE 8953;Lake Angela;CE;Suspensão;Lei 1781;Much fast beat set can then summer.;10/06/2021;23/02/2027
81206752898070;Spencer-Diaz;Group;4984;CNAE 5217;Ronaldfurt;ES;Suspensão;Lei 3246;Energy relate tough enter six later hold.;01/12/2021;13/08/2028
81949026292496;Miles LLC;Inc;1720;CNAE 7776;Port Robertview;DF;Redução de Alíquota;Lei 8908;Blood democratic budget far physical five.;19/10/2023;20/10/2029
43414240238518;Holloway, Daniel and Adams;Inc;6697;CNAE 8292;Port Jessicaton;AC;Redução de Alíquota;Lei 1760;Next character soon recent service open.;02/11/2022;29/03/2025
17835522051544;Smith LLC;and Sons;7087;CNAE 5670;Lydiafort;PI;Isenção;Lei 5667;Eat himself focus month end.;26/01/2024;18/09/2029
57997448441197;Larson PLC;Ltd;5859;CNAE 8221;Jenniferview;MS;Suspensão;Lei 5115;Wear Mrs Congress either.;28/01/2023;17/07/2027
78342419925905;Fischer and Sons;Ltd;1623;CNAE 4997;Jimenezland;PI;Redução de Alíquota;Lei 585;Animal evening walk professional political radio fly.;08/09/2020;27/11/2024
28306787592216;Woodward, Peck and Frye;LLC;2962;CNAE 4317;Adambury;PE;Isenção;Lei 288;Member success ever.;05/11/2023;28/06/2025
75557563825433;Macias-Wilson;and Sons;5755;CNAE 4460;Port Christopher;MT;Redução de Alíquota;Lei 4300;Seat upon author best oil development memory.;07/02/2024;30/11/2029
47829221900270;Parker-Fleming;LLC;7460;CNAE 1781;Normanshire;SC;Isenção;Lei 7840;Have wrong clear model trip.;07/03/2020;06/10/2027
90465731210962;Montgomery, Davis and Smith;and Sons;5090;CNAE 8234;New Patricia;DF;Suspensão;Lei 9633;Media dream kid fish entire common.;08/05/2022;20/01/2029
32931879881459;Green-Mclaughlin;LLC;4882;CNAE 4333;West Steven;DF;Isenção;Lei 8408;South agree discussion eight both them someone.;26/01/2023;03/08/2029
27109736834021;James-Lee;PLC;1506;CNAE 2248;Port Mariafurt;AM;Suspensão;Lei 8239;Drive professor worry father style thing friend.;05/10/2021;29/04/2028
53316994606396;Daniels-Johnson;PLC;2838;CNAE 2925;South Jenniferstad;RR;Suspensão;Lei 3875;Range line rate although.;24/09/2022;19/10/2027
47565826003472;Baldwin-Jackson;Ltd;4412;CNAE 8242;Stanleyborough;RJ;Outros;Lei 4879;Almost Congress others practice.;30/01/2023;04/06/2028
83258858913197;Wilson-Miranda;and Sons;1053;CNAE 3890;South Jessica;AM;Outros;Lei 6709;Last ready loss safe six however.;26/10/2022;11/11/2024
59018561828686;Cannon, Smith and Monroe;LLC;5578;CNAE 5355;North Hannahport;SE;Suspensão;Lei 2956;Explain current protect lay we various around.;09/12/2020;10/11/2027
85285421881479;Alexander-Flynn;Group;2910;CNAE 3017;Johnsonport;SP;Suspensão;Lei 4057;Discuss protect contain sometimes important speak state entire.;25/02/2024;21/11/2029
78530071266443;Kelly, Burns and Chapman;LLC;4105;CNAE 3147;New Jonathan;PR;Suspensão;Lei 2132;Include push state college oil garden executive check.;24/05/2021;03/09/2027
18967462980286;Fletcher-Waller;and Sons;3965;CNAE 8274;Robertfort;PA;Isenção;Lei 3754;Summer coach now learn.;24/12/2022;29/11/2028
48105454086759;Newton PLC;and Sons;5780;CNAE 5409;East Tina;AC;Suspensão;Lei 1737;Out sometimes loss road.;30/06/2021;16/09/2024
61416775616792;Watkins Ltd;PLC;1587;CNAE 6529;Laurafurt;PR;Redução de Alíquota;Lei 3644;Edge official here news human music goal never.;18/03/2023;24/12/2024
37536991197822;Jones-Hodges;Group;5665;CNAE 5727;Amandashire;PI;Outros;Lei 9912;Audience bill statement easy black information ball feel.;08/07/2022;03/02/2029
62372654152498;Bradley PLC;LLC;1216;CNAE 4084;Lesliehaven;MA;Isenção;Lei 9569;Trouble I gas room.;30/12/2022;10/11/2029
12522316493194;Allen, Greene and Sullivan;Inc;6176;CNAE 4353;South Catherine;PI;Redução de Alíquota;Lei 5500;Language cover quite own culture short.;24/01/2023;19/11/2024
42151603611112;Fuller, Davis and Parker;PLC;4659;CNAE 3258;New Lisa;PR;Outros;Lei 5879;For benefit listen chance short level same.;26/11/2021;21/01/2028
66431829631818;Robertson, Shah and Williams;LLC;2534;CNAE 3099;Port Jocelyn;PR;Redução de Alíquota;Lei 5683;Mention decision design culture.;24/11/2023;06/08/2026
10963205949521;Mitchell Ltd;Group;5078;CNAE 4321;Gallegosmouth;AP;Suspensão;Lei 6360;Almost take work artist.;05/05/2022;01/10/2029
97179563185086;Alvarez-Rivera;and Sons;4091;CNAE 4867;East Annaside;RJ;Isenção;Lei 2359;Us show increase.;08/04/2020;03/08/2028
71650716142272;Robertson-Aguirre;Group;6171;CNAE 1910;Port Peter;PE;Redução de Alíquota;Lei 5052;Plant guess mouth than.;28/01/2023;11/02/2025
88765809810461;Elliott, Green and Baker;Group;9798;CNAE 2347;Bellfort;RR;Isenção;Lei 205;Church painting alone.;24/04/2021;22/01/2028
77542951578262;Hernandez, Gaines and Campbell;Inc;9493;CNAE 7329;Mcclureview;SE;Suspensão;Lei 8370;Partner oil leave three body school five.;30/04/2020;03/05/2028
12891969690108;Adkins-Bonilla;Inc;3500;CNAE 9185;Gonzalezmouth;RN;Outros;Lei 6948;Ok sure hundred nothing.;04/01/2022;08/08/2026
86045743443346;Stone-Vasquez;Inc;3048;CNAE 3956;Charleston;RJ;Redução de Alíquota;Lei 3724;Religious instead at blood move thought.;03/06/2021;02/12/2026
93546168302349;Moore PLC;PLC;2182;CNAE 7947;East Briana;MG;Redução de Alíquota;Lei 1586;Green cut certain structure throw charge recognize.;06/08/2022;25/03/2027
83278334971214;Wheeler Inc;Group;1809;CNAE 4475;Lowerystad;DF;Isenção;Lei 4186;After the six tax and table and.;23/07/2024;15/05/2027
64911212448087;Duncan Group;LLC;7583;CNAE 6759;Port Ashleyton;RN;Isenção;Lei 8389;Kid unit model.;30/07/2022;09/04/2028
17699345283642;Acosta Group;Inc;8524;CNAE 9881;Lake Sarah;CE;Isenção;Lei 6188;Rise scene positive religious interview.;01/04/2020;13/10/2024
71234951506938;Grant-Olson;and Sons;4540;CNAE 7639;Crossside;MS;Redução de Alíquota;Lei 4119;Table cell certainly light.;19/11/2022;08/04/2026
46160545821108;Reed-Mendez;PLC;9918;CNAE 6056;North Stephaniehaven;AC;Suspensão;Lei 7594;Seat clear free face ever teach do.;27/03/2022;03/09/2026
32336342392419;Aguilar-Brown;LLC;3309;CNAE 4011;West Bryanfort;BA;Isenção;Lei 725;Speak size research fact.;07/07/2022;01/12/2025
95344494093785;Kennedy LLC;Ltd;2360;CNAE 8813;South Chris;MA;Redução de Alíquota;Lei 7157;Voice benefit spring middle loss character audience.;12/04/2023;26/08/2028
93128193472292;Garcia Ltd;and Sons;6879;CNAE 2364;East Paultown;MS;Outros;Lei 4241;Authority begin recently hold several sign.;10/04/2021;09/12/2025
19173943861715;Davis, Barry and Riggs;and Sons;2566;CNAE 5971;Joshuafurt;RR;Isenção;Lei 1139;Develop machine region nice artist unit.;29/09/2023;19/10/2028
84793802363038;Clark Inc;LLC;4921;CNAE 1384;West Markland;MA;Redução de Alíquota;Lei 8820;Figure I training them.;29/05/2020;08/08/2027
69149989729023;Williams-Bennett;Ltd;2278;CNAE 5834;Chapmanshire;AP;Isenção;Lei 6314;Option top mention soldier.;24/09/2022;15/07/2029
43195254853714;Espinoza-Lindsey;Inc;3007;CNAE 4489;East Michael;SP;Suspensão;Lei 7773;Assume realize life we support get.;07/06/2020;17/01/2026
46739639666575;Barnett-Anderson;Inc;7524;CNAE 4781;Lake Brianatown;CE;Redução de Alíquota;Lei 3651;Artist executive memory cover space.;15/10/2020;04/07/2028
26447933789606;Henderson, Nicholson and Warner;and Sons;7281;CNAE 3204;Wallhaven;PR;Outros;Lei 5369;Official suddenly data make message.;18/07/2021;22/05/2025
87838064325385;Mcdonald, Turner and Lee;Group;3489;CNAE 2837;Angelfort;RJ;Redução de Alíquota;Lei 2099;Can realize quickly table his.;22/03/2021;08/07/2027
95239407994794;Vasquez Group;Group;1855;CNAE 7812;Lake Jessica;DF;Outros;Lei 6156;Cut listen term bring respond job free.;30/07/2023;04/11/2027
36940144197094;Richardson-Brown;Ltd;4174;CNAE 7617;West Morgan;PE;Redução de Alíquota;Lei 2549;Light pick knowledge blue benefit.;07/05/2023;25/07/2027
44792800163111;Atkins, Nguyen and Moore;Group;2618;CNAE 9084;South Karen;RO;Isenção;Lei 4467;Always best message girl ahead.;25/01/2022;20/04/2025
31783219577772;Brown Ltd;Ltd;7456;CNAE 2122;Lake Cassidyville;PA;Isenção;Lei 8922;Best those apply before.;17/01/2020;27/11/2029
64412223035800;Jackson, Lane and Wood;LLC;4187;CNAE 4509;Webbshire;MS;Suspensão;Lei 7721;Receive old five operation.;05/05/2020;01/07/2026
17880740725547;Cook, Tran and Stewart;PLC;6110;CNAE 7136;Suttonview;MT;Outros;Lei 1226;Data project single hit.;13/03/2021;11/06/2025
97319711805750;Andrews LLC;Group;7616;CNAE 2826;Olsenville;MG;Outros;Lei 2076;Approach maybe similar challenge knowledge.;09/04/2020;21/10/2026
70772267471485;Porter Ltd;and Sons;5375;CNAE 9146;New Melissa;CE;Outros;Lei 6788;Majority pay behavior tonight board.;27/02/2023;18/04/2025
76064179732805;Griffin, Davis and Phillips;Inc;4210;CNAE 5252;North Edwardville;GO;Outros;Lei 5986;Present position tend drive over arm.;13/02/2024;13/10/2025
55762482347483;Burke-Lawrence;Ltd;1792;CNAE 3786;Andersonberg;SC;Redução de Alíquota;Lei 7255;Skin language bag new.;06/03/2022;06/03/2026
62172437252812;Smith, Alvarez and Nunez;and Sons;2165;CNAE 9583;East Laura;AC;Outros;Lei 4815;Rather relationship often into.;21/12/2021;15/05/2029
27175613132264;Leonard-Gardner;PLC;5877;CNAE 9443;North Ashleyhaven;PE;Redução de Alíquota;Lei 1165;Chair role stay adult dinner behind.;19/11/2022;09/03/2026
12914724049194;Carter, Hammond and Clark;Inc;4058;CNAE 7847;West Katherineberg;PR;Redução de Alíquota;Lei 9381;Player believe various become manage generation.;26/08/2022;26/01/2028
99189283251773;Rogers, Bullock and Logan;and Sons;8250;CNAE 1125;Lake Elizabeth;AP;Redução de Alíquota;Lei 7367;Anyone of loss entire which of.;27/06/2020;06/08/2025
42107556317840;Howard-Jones;Inc;4347;CNAE 6506;Lisaland;GO;Outros;Lei 2774;Meeting job various bed executive.;28/12/2023;10/12/2027
83699616022215;Arnold, Sharp and May;LLC;8079;CNAE 9577;New William;BA;Suspensão;Lei 2463;Model finally south available thousand.;11/03/2020;20/08/2025
29090933684909;Johnson-Parker;Inc;2090;CNAE 5404;East Jerryburgh;RO;Outros;Lei 3188;Away beyond subject other cell.;04/11/2020;29/10/2029
95277566891181;Owens-Kelly;Group;1090;CNAE 2763;Duranland;TO;Isenção;Lei 7734;Red color politics get upon happen successful.;21/07/2020;15/05/2029
98328895755104;Haas, Mays and Jones;Group;5943;CNAE 8494;West Jenniferstad;PA;Suspensão;Lei 2593;Worry sometimes study sea toward game.;07/08/2020;09/01/2026
56004270822571;Torres PLC;Inc;4410;CNAE 6936;Smithmouth;MT;Isenção;Lei 1423;Cost collection itself outside law.;05/04/2023;26/09/2025
46504693761109;Shelton, Smith and Beck;Inc;7697;CNAE 5265;Littlemouth;CE;Suspensão;Lei 4942;Cup forget offer system allow lawyer.;09/11/2021;10/11/2025
70730650913394;Wilson, Kelly and Perez;and Sons;5261;CNAE 1219;North Rebecca;GO;Outros;Lei 1322;Vote where million stock part.;04/07/2020;22/02/2029
58218469380750;Jenkins-Lynch;Inc;2037;CNAE 9254;Williambury;PE;Redução de Alíquota;Lei 5873;Strong start force garden public foreign car.;22/05/2024;27/07/2027
51809948569492;Davis, Jones and Davis;Group;9005;CNAE 9026;New Jeanberg;AC;Outros;Lei 7571;Author reveal then record.;28/08/2022;23/03/2028
69777895076795;Diaz, Jennings and Harding;and Sons;9045;CNAE 2119;New Bryan;AL;Redução de Alíquota;Lei 9451;Two civil inside.;10/11/2020;19/12/2028
70481513838982;Osborn-Molina;PLC;6698;CNAE 2798;Mayview;SP;Redução de Alíquota;Lei 2535;Tell floor black.;01/05/2020;08/07/2029
88698733315014;Benson Group;LLC;9660;CNAE 8944;Martinezberg;RS;Isenção;Lei 9942;Personal age reveal notice since any.;19/06/2020;05/12/2024
88481973502074;Smith-Kelley;and Sons;4182;CNAE 6150;East Patricia;PR;Redução de Alíquota;Lei 5573;First spring everyone soldier.;18/03/2021;12/11/2028
67084862062791;Floyd-Aguirre;PLC;9808;CNAE 2109;Singletonview;AM;Suspensão;Lei 923;Factor garden at responsibility simply.;05/06/2020;28/03/2028
49431718540984;Holland-Turner;Ltd;4551;CNAE 5902;Port Davidbury;DF;Redução de Alíquota;Lei 7065;Artist hand better include guess decision.;06/02/2021;29/01/2029
87662925582479;Moon PLC;PLC;4398;CNAE 1223;Deanport;RR;Redução de Alíquota;Lei 9319;Their whose direction outside most southern next.;09/02/2020;07/02/2029
85403786955593;Smith Ltd;PLC;3847;CNAE 6857;Troyland;DF;Suspensão;Lei 888;Fear us beyond under theory feel.;31/01/2020;28/05/2029
73912690358800;Baker, Higgins and Goodman;Group;1492;CNAE 5391;Lake Lukeshire;CE;Suspensão;Lei 4474;Capital rock indicate father lawyer experience bed.;18/04/2023;01/04/2026
48791079919330;Clark, Sherman and Anderson;LLC;3528;CNAE 9087;New Mathew;RS;Suspensão;Lei 4410;Deep fall type to.;24/03/2022;27/03/2029
61813532791007;Hernandez, Marshall and Rogers;LLC;8097;CNAE 2632;Port Travis;BA;Redução de Alíquota;Lei 2027;Skill arrive us evidence wrong.;10/01/2020;25/11/2024
12367720129697;Dominguez LLC;LLC;3788;CNAE 2823;Gillland;MA;Suspensão;Lei 6703;Box nothing security.;12/07/2022;06/03/2026
83965113173555;Rasmussen, Lopez and French;Inc;4843;CNAE 8882;Davishaven;AC;Suspensão;Lei 2203;Certainly plan many meet since before of.;14/11/2020;08/11/2026
84239202816890;Martinez, Smith and Campbell;and Sons;6648;CNAE 1603;Tanyachester;MT;Suspensão;Lei 1210;Step model out sit simple.;21/10/2021;07/07/2028
41685721258807;Buckley PLC;and Sons;2602;CNAE 9173;Erinborough;SE;Isenção;Lei 2348;He from break executive.;15/10/2022;24/05/2026
44863955627350;Casey Group;and Sons;6286;CNAE 9874;Brittneyland;PE;Outros;Lei 5637;Skill have agree picture cup young health.;26/01/2023;07/06/2029
97718648251691;Sims and Sons;Ltd;2851;CNAE 1221;Lake Ricardo;PE;Isenção;Lei 4621;Trip actually human lawyer source forward threat.;17/12/2021;29/04/2028
36952311144317;Wagner PLC;Inc;6537;CNAE 7033;Debraberg;TO;Isenção;Lei 1270;Experience page property economic property kitchen probably.;27/06/2021;20/05/2026
25210300137382;Manning LLC;Ltd;8903;CNAE 3157;Brianside;GO;Outros;Lei 9312;Week deal perform occur in.;06/07/2022;15/03/2029
30130019727622;Morales, Simmons and Sanchez;PLC;6595;CNAE 1618;Veronicaburgh;PB;Outros;Lei 7018;Doctor although check only share give.;07/05/2020;01/08/2024
95313014405599;Wright, Henry and Monroe;and Sons;6856;CNAE 1877;East George;DF;Suspensão;Lei 5765;Official trip reduce democratic.;21/01/2023;02/03/2027
80965384208147;Vazquez LLC;Ltd;1886;CNAE 4841;Lake Michelestad;PB;Outros;Lei 6404;Likely sit establish analysis painting again.;17/03/2024;26/01/2027
29800960718732;Collier-Brown;and Sons;4365;CNAE 9013;Wrightstad;DF;Redução de Alíquota;Lei 9686;Drop away from this.;02/06/2022;14/11/2028
91934721916022;Baker-Taylor;PLC;3112;CNAE 1503;Veronicafort;MG;Redução de Alíquota;Lei 9073;World lose receive identify style customer.;29/01/2020;04/09/2025
55644183034795;Duncan-Hale;LLC;2767;CNAE 8485;Patrickhaven;AP;Redução de Alíquota;Lei 867;Benefit economy money wrong.;15/01/2021;03/08/2028
97066636598335;Moore, Casey and Stevens;Inc;7724;CNAE 6915;Port Philliptown;GO;Outros;Lei 3257;Yourself professional clearly seven say week beyond listen.;01/06/2022;20/03/2029
79746814682170;Jones Group;Group;5478;CNAE 9940;South Jenna;MG;Outros;Lei 71;Store reality so power back understand somebody.;20/07/2022;19/12/2028
99590279108064;Adams and Sons;PLC;5602;CNAE 1611;Stephaniefort;DF;Redução de Alíquota;Lei 2385;Their energy he this well activity.;11/04/2023;21/09/2029
95181064446973;Pierce, Craig and Jackson;and Sons;8837;CNAE 9519;New Darrell;SP;Outros;Lei 4725;Certainly before growth though.;11/03/2022;30/06/2028
29961403229471;Miller Ltd;Ltd;2773;CNAE 6233;Wrightberg;MS;Isenção;Lei 1352;May natural effect specific or pay ok.;28/06/2021;08/02/2029
77311257221563;Manning, Rivera and Cox;PLC;6856;CNAE 1896;Baxtertown;MT;Outros;Lei 1708;Particularly follow road authority cause.;22/06/2021;09/06/2029
60239532622837;Gomez, Cook and Owens;PLC;1979;CNAE 6696;East Jameshaven;SC;Outros;Lei 2492;Edge fine light north campaign anything time special.;08/11/2022;19/10/2025
21097264896803;Stone, Ortiz and Hays;Ltd;5981;CNAE 9298;West Michelle;PI;Redução de Alíquota;Lei 1180;West opportunity happy.;28/11/2022;26/07/2026
34158913292080;Lam LLC;LLC;1678;CNAE 9155;Rollinsfurt;DF;Suspensão;Lei 2028;Community benefit clear security human.;08/04/2023;19/03/2027
74207866181482;Wilson and Sons;Group;5003;CNAE 5238;Dixonchester;RO;Redução de Alíquota;Lei 7150;Return trial data property.;20/05/2020;21/09/2027
10386076538937;Cummings-Hamilton;PLC;8931;CNAE 3122;North Destinyshire;MG;Redução de Alíquota;Lei 5010;Yes above little alone amount manager computer.;30/06/2022;29/03/2028
36620368723330;Dixon, Caldwell and Hines;Group;2737;CNAE 7156;Webermouth;PA;Isenção;Lei 452;Yard teacher education head senior sister word.;06/11/2021;13/04/2028
25783035275115;Hall-Mckay;LLC;6930;CNAE 1270;Port Charles;ES;Isenção;Lei 6802;Very list fine line.;12/01/2020;30/03/2026
64370853450244;White-Avery;PLC;9132;CNAE 3654;Lake Anthony;DF;Isenção;Lei 9575;Likely degree tend treatment play may.;12/03/2021;03/04/2027
48294268500875;James-Griffin;Group;8838;CNAE 7123;Petersonfort;PB;Outros;Lei 6845;Easy traditional attack truth share difficult ability.;08/09/2020;26/11/2029
52903238813364;Dean Inc;PLC;5430;CNAE 9641;Lake Justin;AL;Suspensão;Lei 3544;Over find water glass use heart have.;25/04/2023;26/10/2028
34819920591074;Lopez and Sons;PLC;3905;CNAE 3662;Matthewtown;AM;Outros;Lei 1685;Me see idea husband.;17/06/2024;27/03/2025
71480316215314;Archer-Willis;and Sons;2140;CNAE 5525;Craigbury;SC;Suspensão;Lei 8755;Conference we your understand market ok matter.;03/11/2022;14/04/2028
79828973931788;Harrison, Lee and Bailey;LLC;4826;CNAE 9711;Ramirezbury;BA;Outros;Lei 7560;Mind least group old.;28/09/2023;18/09/2027
52661266270126;Estrada, Newman and Perez;PLC;4205;CNAE 4925;New Richard;PA;Isenção;Lei 3762;Position same glass room discussion challenge.;02/12/2021;20/02/2026
70982399850965;Boyd, Larson and Hanson;Group;4266;CNAE 1397;North Dawn;AC;Suspensão;Lei 632;Memory close attention stuff agent.;14/05/2022;09/12/2027
19622412822053;White, Crawford and Rodriguez;PLC;7979;CNAE 2507;Brendafort;MG;Suspensão;Lei 3101;Old manager professional wonder doctor draw.;23/11/2021;12/02/2025
25621621340012;Mckenzie, Mendoza and Lopez;Group;8844;CNAE 4266;Lopezville;MG;Suspensão;Lei 4735;Rock Republican situation amount information produce care agreement.;03/04/2021;22/11/2027
75216933446178;Fernandez-Andersen;PLC;9460;CNAE 3084;Santiagoborough;AL;Outros;Lei 248;Tonight production rest campaign ask strong.;05/06/2021;28/07/2027
37870395007556;Mullen-Gross;PLC;8427;CNAE 4961;Maryton;MS;Suspensão;Lei 5235;Full within continue subject hair participant eat.;20/08/2020;06/11/2029
92351374861076;Ray Inc;and Sons;6598;CNAE 2975;West Andrewtown;RR;Outros;Lei 9535;Administration away today hundred call hit life.;26/07/2020;22/06/2029
51722006586837;Jimenez and Sons;LLC;3192;CNAE 3757;North Stephen;MA;Suspensão;Lei 7610;Company during perform key forward own election paper.;23/06/2022;24/04/2028
75518592238239;Allen, Ramirez and Wang;Inc;8663;CNAE 3367;New Kenneth;TO;Redução de Alíquota;Lei 2515;Give game material fear water moment.;12/02/2024;02/08/2026
96278578895519;Harrison, Middleton and Cervantes;Inc;6188;CNAE 5605;Lake Laurahaven;PB;Redução de Alíquota;Lei 1279;Five keep shoulder billion economy design able.;13/11/2021;10/11/2028
28069256137976;Lopez-Miles;PLC;8838;CNAE 5697;New Vickieton;RO;Redução de Alíquota;Lei 5304;Adult firm clearly drug.;11/11/2021;17/05/2027
20268489698602;Benitez, King and Ortiz;PLC;8699;CNAE 9411;Jodyburgh;MT;Isenção;Lei 5063;Game story both drive one test.;17/01/2021;28/08/2024
54606312588692;Duncan, Bryant and Coleman;Ltd;3358;CNAE 3006;Foxfurt;MG;Redução de Alíquota;Lei 4041;Authority agency out lose own.;20/03/2020;04/05/2027
71310536202617;Moran Inc;and Sons;9986;CNAE 7930;Terrychester;AM;Outros;Lei 2201;Own house western.;15/06/2022;02/04/2026
99256917497564;Fry Ltd;Group;7566;CNAE 7399;Freemanland;RN;Suspensão;Lei 4754;Wrong letter first record.;16/08/2022;30/11/2025
77391295406001;Price-Paul;Inc;1912;CNAE 8097;East Phillipbury;AC;Outros;Lei 9871;Population wide war fact science huge modern.;29/10/2021;04/05/2027
11829362697676;Cortez, Erickson and Morgan;Inc;9413;CNAE 8207;North Vincent;AC;Redução de Alíquota;Lei 8138;Class exist wall police water wear TV.;15/05/2021;11/07/2027
78234063208611;Salinas-Nichols;Ltd;6544;CNAE 3369;West Stacy;DF;Outros;Lei 2992;Trouble stage may focus.;08/07/2020;20/02/2029
57620763011600;Smith, Walton and Bennett;LLC;2768;CNAE 5427;Morenoshire;PA;Outros;Lei 7138;Budget campaign leg consider degree treat.;13/02/2024;11/11/2027
89063738050015;Brown, Atkins and Rogers;LLC;5172;CNAE 2182;East Brittney;TO;Redução de Alíquota;Lei 377;Without send activity white others.;13/12/2020;27/05/2026
89135650350570;Smith, Schneider and Herring;LLC;9109;CNAE 2433;Anthonyburgh;MG;Isenção;Lei 6367;Instead force loss sport.;24/08/2020;27/12/2027
33025930592931;Jones-Kaufman;PLC;7544;CNAE 8302;Port Devin;RR;Redução de Alíquota;Lei 3266;Likely fire this population quite finish.;08/04/2020;12/11/2024
34177020073957;Allen-Torres;PLC;9929;CNAE 6712;East Samantha;PA;Isenção;Lei 3198;Defense thus specific general laugh parent.;20/09/2020;07/03/2026
13131420120085;Quinn Ltd;Ltd;6524;CNAE 1561;Hallmouth;MT;Suspensão;Lei 2684;Order some break season.;21/05/2024;05/09/2028
11306195897108;Ortiz, Mcknight and Graham;PLC;2487;CNAE 7860;East Stevenville;PI;Outros;Lei 2005;Republican general out decade I time relationship.;14/08/2022;20/12/2029
25454983013282;Lamb-Frazier;Ltd;8403;CNAE 7871;New Jasonmouth;PA;Isenção;Lei 969;Rock defense American house detail rule meet.;26/03/2021;23/03/2029
83967256425922;Moore, Martin and Howard;Inc;6909;CNAE 1879;North Stephanie;BA;Isenção;Lei 2241;Often now choose model approach next design.;10/11/2023;12/01/2027
24566259158035;Mays, Aguilar and Jordan;PLC;8873;CNAE 4157;Emmaland;MT;Suspensão;Lei 5857;Increase cause brother pretty.;13/03/2024;23/12/2029
81111989559879;Bowers Group;Group;2066;CNAE 4972;Goodfurt;SC;Suspensão;Lei 7961;Responsibility task operation always marriage.;02/06/2021;31/08/2027
51778384070094;Lee-Harrison;and Sons;7314;CNAE 5878;East Jennifer;MT;Outros;Lei 9381;Ability stand realize still until.;25/02/2024;28/12/2025
74810624987188;Rodriguez Ltd;and Sons;2166;CNAE 1125;Andersonberg;PE;Isenção;Lei 3108;Site similar carry commercial ground.;09/06/2020;18/06/2026
51979291824724;Anderson and Sons;Inc;6419;CNAE 7109;South Thomas;PR;Redução de Alíquota;Lei 2607;Once affect rather wind cup box.;21/01/2022;21/09/2026
20310745698106;Ramirez Inc;Inc;1144;CNAE 5623;New Kathryn;SC;Redução de Alíquota;Lei 1360;Interview describe available soldier time relate.;08/07/2020;26/11/2026
45198243483030;Owens, Richard and Dorsey;Ltd;4873;CNAE 7765;East Jenniferborough;ES;Suspensão;Lei 4255;Him manager evidence of.;11/03/2021;12/10/2029
58959343234174;Perry-Juarez;LLC;8061;CNAE 2219;East Stephen;ES;Suspensão;Lei 2236;Nation action night above yeah affect seem.;22/03/2021;12/01/2025
47159764444409;Hall-Murillo;and Sons;9577;CNAE 5067;Lake Rebeccashire;PA;Outros;Lei 5554;Level professional law nor.;03/08/2022;02/05/2026
12885852791726;Hendrix-Horne;LLC;7155;CNAE 6632;South Alexanderberg;GO;Isenção;Lei 3297;Difficult fish always wind concern.;05/12/2023;12/10/2024
56448670572314;Schmidt, Mason and Mcdaniel;Inc;4923;CNAE 8669;Dominguezfort;AP;Redução de Alíquota;Lei 501;Per each buy father.;28/07/2022;17/11/2024
23566824300155;Leblanc, Herrera and Ritter;LLC;5486;CNAE 7367;Hollymouth;PA;Redução de Alíquota;Lei 1963;Street think cold name always despite until.;15/02/2022;05/01/2026
62115870268483;Ware Group;Inc;2253;CNAE 8981;Andrewburgh;DF;Isenção;Lei 2047;Fine today first read for.;30/10/2020;04/12/2026
74957516225546;Dudley and Sons;LLC;4895;CNAE 3532;West Jeffrey;AP;Isenção;Lei 7125;Even house different.;06/06/2022;01/07/2026
79885311596270;Moss-Walter;PLC;3531;CNAE 5540;North Alexandraville;RR;Isenção;Lei 4417;Must bring process we try.;24/04/2020;30/10/2028
60410105864981;King and Sons;LLC;3672;CNAE 2189;West David;MA;Isenção;Lei 7790;Edge surface open able night window herself.;23/10/2021;30/11/2026
20459373189406;Hanson-Miller;PLC;1639;CNAE 4700;Nancyton;SP;Suspensão;Lei 6278;Week avoid writer action color despite.;07/08/2020;14/09/2027
16343408356229;Mccoy, Moore and Thomas;Ltd;3441;CNAE 4624;East Brittney;PA;Suspensão;Lei 1617;Door collection many with bad.;27/03/2022;13/09/2029
30157170092133;Chavez Ltd;Inc;6843;CNAE 2958;Jillside;SC;Isenção;Lei 2574;Still beyond change.;17/03/2024;29/05/2028
20444325744951;Hudson-Wells;Group;6540;CNAE 5900;North Thomas;PI;Outros;Lei 484;Section do third thousand own keep serve.;15/10/2020;06/08/2027
47015287806288;Stevens Ltd;LLC;5066;CNAE 9355;East Amber;RJ;Isenção;Lei 1026;Hospital country finally beautiful there fast.;07/05/2020;03/10/2026
57968383965296;Wade Ltd;Inc;3310;CNAE 1307;North Sherri;BA;Isenção;Lei 4688;Staff institution size drug seat spend scientist.;14/05/2024;04/09/2026
22517261475073;Fisher Group;PLC;5865;CNAE 3778;Gabriellashire;SE;Redução de Alíquota;Lei 7093;Firm put institution audience.;31/05/2024;28/11/2028
72477794027354;Ross, Cannon and Gordon;and Sons;8849;CNAE 7787;Lake Amanda;MT;Outros;Lei 3977;Sure across performance adult.;11/05/2020;05/03/2028
63228817056687;Harris-Acevedo;Ltd;7631;CNAE 3851;Bellmouth;PA;Suspensão;Lei 5855;Guy ahead relationship wrong PM.;16/10/2023;25/12/2025
32211972503353;James-Burke;Ltd;7968;CNAE 7528;West Josephchester;MS;Suspensão;Lei 5151;Big age build now president.;27/01/2021;09/06/2026
70684485768168;Charles, Hardy and Park;LLC;6901;CNAE 5590;West Timothy;TO;Outros;Lei 1194;Economy training really thus husband.;10/07/2021;18/07/2026
74659311640833;Park, Mitchell and Hayes;Ltd;4458;CNAE 7421;Guerreroshire;RR;Outros;Lei 3494;Show during study.;15/04/2020;27/10/2024
52892315024635;Porter, Smith and Williams;Group;9870;CNAE 9359;Lake Eric;TO;Suspensão;Lei 2789;Include give data push.;07/08/2022;18/03/2025
49123004103096;Morgan and Sons;Group;3116;CNAE 2189;Rodriguezstad;PE;Isenção;Lei 9440;Raise policy national can.;10/08/2020;22/12/2027
47955617134182;Martinez, Harper and Hill;Inc;6110;CNAE 7962;West Rebeccaland;MT;Redução de Alíquota;Lei 2957;Themselves career live.;26/10/2022;01/11/2029
87836287528410;Williams and Sons;Ltd;6049;CNAE 7205;New Steven;RR;Redução de Alíquota;Lei 2229;Standard water create other now.;23/06/2022;13/07/2025
99848120440351;Fisher PLC;Group;7097;CNAE 2828;Lake Jody;RO;Suspensão;Lei 6286;Hope care fill yourself.;18/12/2021;04/03/2025
57558792986248;Ortiz PLC;Group;1913;CNAE 5774;East Haleyview;PB;Isenção;Lei 1936;Stage strong whom reality.;24/12/2020;09/04/2028
63358807685377;Rose-Lewis;PLC;1011;CNAE 7300;New Cheyenne;MS;Isenção;Lei 755;Across offer product approach phone practice.;15/09/2020;22/11/2025
92248605978669;Gutierrez-Alexander;PLC;2308;CNAE 3041;Carolineborough;BA;Suspensão;Lei 4608;Yourself crime without protect democratic.;17/05/2020;05/12/2027
75166956237976;Snyder Ltd;LLC;3571;CNAE 5438;East Mirandaland;SC;Redução de Alíquota;Lei 7995;Suddenly benefit section subject process article.;26/06/2024;15/09/2026
88994065078723;Aguilar-Anderson;Group;8720;CNAE 3587;Sandovalshire;AP;Redução de Alíquota;Lei 5349;Name tough shake door young age.;22/07/2023;21/03/2029
26183904528192;Davis Ltd;Group;1138;CNAE 3404;North Williamshire;MT;Outros;Lei 1979;Political benefit on Congress clearly action.;01/08/2023;08/02/2029
53798035284665;Sanchez, Meyer and Mcdowell;LLC;5182;CNAE 6726;Port Matthewmouth;SC;Redução de Alíquota;Lei 1378;Information interesting American forget member civil but be.;06/06/2023;09/03/2027
85742531309333;Hahn Group;Group;4086;CNAE 9192;Luisview;GO;Redução de Alíquota;Lei 1354;Century civil weight avoid.;29/07/2021;20/07/2029
40689838582996;Hawkins, Roberts and Smith;Group;8330;CNAE 7860;Doughertyland;BA;Redução de Alíquota;Lei 9694;Close environment woman loss religious trouble sea.;23/03/2023;29/10/2025
45221863949112;King, Norman and Mckinney;Inc;8776;CNAE 5973;Mccallberg;MA;Isenção;Lei 6684;Reach miss figure plant life.;21/07/2024;03/12/2026
72954346955114;Richardson-Bean;and Sons;3088;CNAE 3753;Eileenmouth;RR;Isenção;Lei 2790;Try idea thank our century professor.;29/10/2022;18/12/2029
73039326518101;Hall-Bridges;PLC;5410;CNAE 8340;Fergusonshire;CE;Redução de Alíquota;Lei 1553;Spring room same staff allow audience staff early.;18/03/2022;19/10/2025
81925925005717;Hill, Christensen and Jones;Ltd;2653;CNAE 2857;Lake Laurafurt;CE;Isenção;Lei 7703;Difficult including vote body source.;29/06/2022;04/06/2027
86055855026005;Jenkins, Arroyo and Carr;PLC;5006;CNAE 1015;Coxton;MS;Suspensão;Lei 6341;On director brother enough.;13/01/2022;03/04/2029
38480689397439;Ryan, Scott and Williams;Group;4880;CNAE 9227;Mclaughlinborough;PB;Suspensão;Lei 3691;Project truth support exactly follow.;28/06/2023;25/10/2024
24095214143897;Nixon-Bonilla;Ltd;4855;CNAE 3711;Port James;PR;Suspensão;Lei 4782;Really spend support course culture.;09/02/2023;12/02/2025
34330461695823;Hurst, Wilkins and Coleman;and Sons;4526;CNAE 7931;New Crystalview;RN;Suspensão;Lei 2017;Treat sometimes focus quite study guy moment.;22/07/2024;07/05/2025
11164841320206;Adams, Long and Mcbride;PLC;1821;CNAE 7488;Jeanetteborough;DF;Redução de Alíquota;Lei 8489;Light tonight explain break generation dinner.;29/04/2021;04/05/2027
97485305252618;Smith LLC;Group;3344;CNAE 7018;Dianafort;CE;Outros;Lei 9680;Fast else way.;26/05/2023;29/09/2027
16402996932344;Miles Inc;LLC;4370;CNAE 7560;Chadview;RS;Isenção;Lei 14;Entire race reduce sell.;04/05/2024;12/08/2025
74846870723501;Moreno-Harrington;LLC;1208;CNAE 1445;Jessicafort;AC;Isenção;Lei 291;Level could stop.;23/08/2021;26/07/2029
69207168987436;Krueger Group;PLC;1623;CNAE 4103;West Billyside;MG;Suspensão;Lei 3837;Others consider ball no.;30/01/2024;02/10/2026
63848626958259;Vega-Garcia;Group;2668;CNAE 1785;Port Ronnie;RN;Isenção;Lei 9005;Gas course the sit body least simply.;24/09/2022;17/03/2028
45217798821245;Zamora Group;and Sons;7695;CNAE 6413;Carterfurt;DF;Isenção;Lei 6813;Particular after safe but.;05/06/2024;15/11/2024
86397647800293;Erickson-Morgan;LLC;9297;CNAE 7320;Rodriguezfurt;AP;Outros;Lei 651;Better top blue nice.;30/07/2022;20/12/2029
72717556579009;Cooper-Gomez;LLC;7832;CNAE 1912;Adamsport;RS;Suspensão;Lei 7137;Themselves must produce bar institution everyone subject.;19/05/2022;17/05/2026
18349750380117;Porter and Sons;Group;2836;CNAE 4608;New Jasminetown;TO;Isenção;Lei 483;Over off cup from strong senior all.;08/03/2022;10/12/2027
70028604352662;Stewart, Hill and Miller;Group;6879;CNAE 5800;Lake Christine;RS;Outros;Lei 9110;Poor gas me our marriage even.;17/07/2022;01/10/2029
39535069129981;Martinez-Ballard;Ltd;8833;CNAE 6899;Christopherville;RS;Redução de Alíquota;Lei 4345;Throw mean team.;02/01/2022;23/12/2026
25979695193491;Anthony Ltd;Inc;1799;CNAE 5718;New Ashleybury;MT;Outros;Lei 6559;Need commercial investment number go agree.;20/07/2022;20/06/2029
96719102961079;Phillips Group;and Sons;6116;CNAE 7101;Allenbury;MT;Isenção;Lei 180;Join protect class leader.;11/09/2021;22/10/2025
74599966064032;Wright PLC;Group;5768;CNAE 2972;Rileymouth;DF;Redução de Alíquota;Lei 9117;Marriage it exist general charge party soldier investment.;09/06/2023;25/10/2026
59937268807311;Miranda, Long and Lee;and Sons;6687;CNAE 3901;Atkinsborough;BA;Outros;Lei 5562;Find out start group two challenge.;06/03/2020;17/08/2029
69077610251598;Taylor-Ramos;Group;7981;CNAE 9094;New Jamie;ES;Redução de Alíquota;Lei 599;Take through industry sit research.;21/03/2021;06/03/2025
76169506759970;Taylor-James;LLC;9313;CNAE 4633;Hicksshire;CE;Redução de Alíquota;Lei 2352;Determine language grow former say after eye.;09/08/2021;02/02/2026
33380607524258;Stephens-Brown;and Sons;5628;CNAE 1696;Port Brad;SP;Suspensão;Lei 1403;Beat movement ability.;07/01/2020;21/08/2024
37739512817088;Gregory, Ingram and Walker;Ltd;3184;CNAE 8689;Deborahbury;SE;Redução de Alíquota;Lei 4949;Only next subject this little visit standard.;24/04/2023;16/05/2029
86611099519022;Morgan Group;Inc;1243;CNAE 2479;Murilloburgh;PB;Outros;Lei 927;Firm study Congress white eye us when.;26/10/2023;19/03/2026
54096851814848;Green, Fleming and Gray;Ltd;6225;CNAE 6311;Parkmouth;MA;Isenção;Lei 9570;Lot piece coach foreign human.;03/11/2023;08/05/2028
29632819586095;Moore, Johnson and Bush;LLC;1177;CNAE 8401;Lake Andrewfort;PB;Isenção;Lei 5222;Pick different onto president lot development.;27/07/2022;09/10/2027
11302004496689;Atkinson Inc;Group;1622;CNAE 6828;Charleston;PR;Suspensão;Lei 9351;Book reality message allow do rather culture.;09/05/2024;05/07/2025
53666739326289;Christensen, Jones and Bond;PLC;6328;CNAE 1501;Port Rebecca;SP;Outros;Lei 1478;Other movie so nearly shoulder give true.;02/01/2023;09/12/2024
27845890796420;Kennedy, Murphy and Frank;PLC;4281;CNAE 7878;South Danieltown;DF;Outros;Lei 8712;Town if item friend weight relate bed.;21/09/2020;25/02/2027
39584415625650;Johnson, Thomas and Finley;and Sons;2050;CNAE 9360;South Lisa;SP;Suspensão;Lei 2892;Exactly out across television around visit these.;06/09/2023;22/11/2025
32940750873106;Garcia LLC;PLC;1518;CNAE 2039;Hessfort;MT;Outros;Lei 2979;Million forward hard place.;02/08/2023;12/07/2025
35888169073031;Wong, Brown and Harris;and Sons;4399;CNAE 5858;South Christine;AC;Redução de Alíquota;Lei 1362;Wrong usually toward.;15/03/2021;15/03/2028
63750015662104;Silva, Stewart and Merritt;Inc;8433;CNAE 2782;Hickmanside;ES;Suspensão;Lei 6827;Cut note common.;11/06/2022;12/01/2026
42200883744928;Garcia, Smith and Costa;PLC;3761;CNAE 4454;West Tina;CE;Isenção;Lei 7666;Everything cup somebody again.;13/07/2020;01/12/2024
21899057057697;Garcia-Mosley;Group;9776;CNAE 4735;New Philip;PE;Isenção;Lei 8992;Doctor control tend at true most help million.;01/04/2022;17/12/2029
59347639428465;Thornton-Watts;PLC;7485;CNAE 6500;Williamfurt;PB;Suspensão;Lei 1585;Growth likely follow.;29/04/2020;24/11/2027
92082016857621;Estrada, Parks and Lozano;PLC;6212;CNAE 7497;Floreston;RO;Isenção;Lei 8863;Rule great TV important fish night student.;28/12/2021;24/04/2028
89446909087029;Delacruz and Sons;LLC;8024;CNAE 9401;Jenniferborough;AP;Suspensão;Lei 3062;Growth show floor short open attack.;16/07/2020;22/11/2028
12354159544444;Lawrence-Walsh;Group;2137;CNAE 6873;Sweeneystad;RR;Redução de Alíquota;Lei 3149;Range strategy sit significant contain ahead product individual.;29/08/2020;01/04/2028
25917674173337;Li and Sons;Inc;7059;CNAE 9815;West Barbara;SE;Outros;Lei 3791;Road physical call amount.;14/07/2023;28/06/2025
24739369681079;Moore and Sons;Inc;4242;CNAE 6295;Davidside;PI;Outros;Lei 2201;Thought buy beat whether down same foot.;01/12/2021;24/12/2024
38506702213377;Steele, Savage and Baker;Ltd;5042;CNAE 4220;Robertoburgh;AC;Outros;Lei 3663;Once town should side political event.;07/04/2021;03/12/2029
55128569207559;Ray, Bates and Taylor;Group;6776;CNAE 7712;North Shannon;BA;Isenção;Lei 1835;Contain management state idea low whose itself.;10/07/2020;28/06/2028
65639209411725;Jarvis-Gibson;PLC;5167;CNAE 7796;Lake Lindsay;PR;Suspensão;Lei 3741;Will unit far cut when must yard.;25/10/2022;31/01/2029
52805117599036;Ortega Inc;LLC;8020;CNAE 1189;New Stephanie;PE;Redução de Alíquota;Lei 6344;Fall report color TV support couple rate beyond.;09/12/2022;27/12/2028
97321226581518;Steele and Sons;Group;7473;CNAE 2275;West Paulaland;GO;Isenção;Lei 9456;New different into population piece fear.;24/10/2021;02/11/2024
34310588576193;Luna, Dominguez and Hall;PLC;9364;CNAE 8826;West Rebecca;AP;Outros;Lei 4277;Mind design different deep discover social.;22/09/2020;20/08/2025
16381015796354;Morrison PLC;and Sons;6648;CNAE 4123;East Charles;MS;Isenção;Lei 3403;Every interview would.;02/10/2021;28/10/2025
57672021143971;Dickson-Anderson;LLC;8669;CNAE 1235;Scottbury;PB;Isenção;Lei 4439;Old draw drop interview current realize age.;02/06/2020;12/11/2027
61494524862694;Jensen, Mclaughlin and Howell;Inc;7281;CNAE 8432;Port Vickie;GO;Isenção;Lei 7954;Message here quickly cultural increase national.;28/12/2020;29/08/2026
23487829677341;Simpson Inc;Ltd;4891;CNAE 6209;Clarkburgh;MS;Redução de Alíquota;Lei 9842;War throw focus talk which bed cover.;11/02/2023;22/11/2024
50216784545923;Burns-Morris;and Sons;5923;CNAE 2903;West Rebeccaton;MS;Outros;Lei 7158;Always great federal week seek individual various.;24/03/2023;16/08/2027
27832918901845;Perez-Brown;Inc;7895;CNAE 3940;Jennaborough;TO;Redução de Alíquota;Lei 2676;Film mouth business guess but this east.;27/08/2020;16/03/2026
19173815632097;Brown-Morgan;Group;9763;CNAE 6556;Port Charles;RO;Suspensão;Lei 9428;Hotel degree realize tell student forward.;19/03/2021;04/03/2029
36777100338056;Burns-Sims;Inc;4826;CNAE 8126;Tinaberg;RN;Redução de Alíquota;Lei 6686;Scientist second almost manager citizen team.;23/10/2020;27/02/2026
70275965866893;Williams-Porter;and Sons;2524;CNAE 5762;Port Angelica;AP;Outros;Lei 1548;During unit tonight beat guess office throughout.;12/02/2023;24/02/2029
95869945497065;Robinson Ltd;Ltd;6303;CNAE 8643;Port Mark;RS;Outros;Lei 5982;Occur set government.;18/03/2020;02/07/2029
70726254206584;Nash, Ramirez and White;Inc;5030;CNAE 3953;North Matthewburgh;AC;Redução de Alíquota;Lei 1434;South turn person place section.;29/09/2022;04/09/2028
23776425251283;Morgan-Fuentes;Ltd;4133;CNAE 6067;Port Jessicashire;RR;Outros;Lei 5874;Trip clear simply growth government necessary trade.;11/09/2020;30/06/2028
19455975888957;Clark, Garcia and Cole;and Sons;1070;CNAE 7797;Lake Oliviaton;AC;Isenção;Lei 6489;Market she back drug security risk four sing.;22/06/2024;18/09/2029
45052933912929;Johnson, Berry and Ramirez;Ltd;9440;CNAE 4580;West Elizabeth;RR;Suspensão;Lei 4868;Always continue resource stock laugh late rise.;30/12/2020;22/04/2025
40090943827433;Lane-Mitchell;and Sons;1175;CNAE 2523;Cortezside;SP;Suspensão;Lei 1934;Both lay put chair whom.;14/10/2021;13/06/2025
68654523370190;Werner, Johnson and Hill;and Sons;3575;CNAE 7185;East Kim;RS;Isenção;Lei 8283;Fact ten sometimes away third various.;08/08/2022;24/10/2027
30415268797299;Peterson PLC;and Sons;3567;CNAE 9717;North Johnathanhaven;MA;Suspensão;Lei 9354;Public mouth realize sell expert least.;20/02/2022;02/03/2026
26426183459821;Wolfe, Livingston and Flores;Group;5806;CNAE 6067;Jacquelinebury;RR;Outros;Lei 6062;Play six college defense pick once.;22/03/2023;03/06/2027
38700764745423;Mahoney and Sons;and Sons;2029;CNAE 7782;New Ericmouth;RS;Isenção;Lei 5584;Former director goal ability affect would.;09/10/2021;25/04/2026
96234786004362;Butler, Curry and Mitchell;Inc;9204;CNAE 6292;Lewisbury;MG;Isenção;Lei 7571;Education too attorney next task expect.;08/12/2021;06/07/2028
53179062209574;Jackson-Ford;LLC;7529;CNAE 5152;Hicksfurt;PI;Outros;Lei 6741;Whatever field story surface loss.;16/11/2021;15/05/2029
83558665410080;Gillespie-Rivera;Group;8952;CNAE 9046;Joelfurt;AP;Suspensão;Lei 8910;Choice through many toward indicate.;04/06/2020;15/06/2026
18739823972083;Riggs, Robinson and Chambers;Inc;9755;CNAE 3463;South Melissa;PI;Outros;Lei 5690;Anything purpose who thing keep Republican.;18/06/2020;27/05/2027
41763254788908;Marquez, Bell and Martin;PLC;8068;CNAE 3183;Mezafurt;GO;Outros;Lei 4444;Push usually ok hundred president win.;08/10/2021;02/02/2026
75565879892946;Logan-Thompson;Ltd;8447;CNAE 9416;East Richardville;RS;Suspensão;Lei 6585;Garden size put least several property.;19/01/2020;04/08/2029
99434530099201;Osborne Group;Inc;6766;CNAE 2082;New Taylorton;SP;Suspensão;Lei 1904;Draw commercial role college.;16/02/2022;31/05/2028
26036899923090;Thomas-Whitaker;Inc;4718;CNAE 5561;Ramireztown;MA;Redução de Alíquota;Lei 2077;Every act increase myself remember.;25/05/2021;03/02/2027
46095750936176;Hoover-Livingston;Ltd;2221;CNAE 7841;South Andreastad;RR;Outros;Lei 7612;Rest reality blue without could threat everyone arm.;29/01/2022;25/01/2029
59474289284547;Clark-Griffith;Ltd;6028;CNAE 2554;Port Jennashire;SC;Suspensão;Lei 7347;Bill shake be she tough.;10/12/2023;01/06/2028
11854684899666;Martin-Turner;LLC;9724;CNAE 4439;Johnsonburgh;BA;Redução de Alíquota;Lei 7159;Information no beautiful sea.;24/01/2024;22/07/2029
87916583427335;Hendricks, Martin and Sanchez;LLC;8497;CNAE 2857;Lake Michelle;AL;Outros;Lei 4683;Everything go challenge raise.;08/05/2023;22/12/2027
92675160303694;Barnes-Mccoy;Group;6879;CNAE 6789;Ellisonview;AP;Outros;Lei 6026;Administration score religious.;28/11/2022;21/07/2026
29183474619296;Cook-Collins;Inc;6951;CNAE 1374;Smithfurt;MG;Isenção;Lei 5815;Population notice thank money hot.;18/12/2021;22/02/2027
86746792897937;Griffin-Long;Inc;1474;CNAE 7683;Melissastad;PE;Isenção;Lei 6522;Strategy agree there yourself.;10/02/2021;05/11/2025
31826769078485;Reed, Chase and Bush;Group;9517;CNAE 9770;Williamshire;PI;Outros;Lei 8435;Catch hold interest every protect.;18/10/2020;21/03/2026
75949843076208;Meyer, Armstrong and Pope;LLC;6940;CNAE 4381;New Johnberg;SE;Outros;Lei 8258;Somebody life fish team voice.;27/05/2020;15/09/2024
79743344387549;Brown, Scott and Nguyen;Group;4186;CNAE 5225;Barnettside;MS;Redução de Alíquota;Lei 5463;Exist later true traditional seek hit.;11/12/2022;24/01/2025
94720085880476;Campbell-Howell;PLC;1017;CNAE 2274;East Charlestown;SE;Outros;Lei 7225;Tree institution back fish myself.;28/12/2022;11/01/2029
41313937949129;Thomas Group;Ltd;9539;CNAE 7244;Tinastad;PB;Isenção;Lei 6076;War daughter factor rate move outside.;27/06/2020;25/10/2027
61357906511194;Romero LLC;PLC;2921;CNAE 1545;New Davidbury;PB;Suspensão;Lei 3500;Social north back technology sister walk.;27/09/2021;20/12/2028
97013652827841;Brown, Diaz and Rose;PLC;3457;CNAE 1178;West Gabrielle;AP;Outros;Lei 4421;After last admit quite.;13/07/2020;04/02/2027
65282676663105;Mcneil Group;PLC;5085;CNAE 9875;Johnton;RR;Redução de Alíquota;Lei 9942;Environmental mission south senior property similar this.;20/07/2021;14/09/2027
12637298929473;Young Group;PLC;5825;CNAE 6790;Hurstburgh;TO;Suspensão;Lei 6023;Tell raise always cost board.;05/01/2024;19/12/2024
25845762931193;Snyder, Kim and Brady;Inc;3805;CNAE 9720;Lake Tyler;CE;Isenção;Lei 9869;Should difference maybe.;21/10/2023;20/06/2029
38818867735095;Rodriguez, Chavez and Garcia;PLC;3061;CNAE 2649;Port Lindatown;RN;Isenção;Lei 1915;These see civil analysis attorney phone picture.;30/10/2020;06/08/2028
67281872910901;Klein-Stevens;Ltd;4134;CNAE 4142;Wardtown;SP;Redução de Alíquota;Lei 3937;Himself only build involve church every try.;18/08/2020;24/11/2025
10464984430720;Bullock-Williams;and Sons;3946;CNAE 9699;West Thomas;RJ;Isenção;Lei 6001;Second in expect government.;30/01/2020;22/09/2026
29736695707978;Russell-Richardson;and Sons;5844;CNAE 9447;East Cynthia;RO;Redução de Alíquota;Lei 8291;Treat current your become after.;19/01/2022;06/05/2026
14244394293441;Wolf-Harrison;and Sons;9556;CNAE 5896;Craigland;PI;Redução de Alíquota;Lei 8501;Next actually citizen use do condition forward.;30/06/2022;10/05/2029
84131385284520;Taylor Group;Ltd;7767;CNAE 8882;Port Alexisview;MA;Redução de Alíquota;Lei 1188;Southern respond else old before.;21/09/2021;19/09/2027
71533016685564;Reed Inc;Ltd;7773;CNAE 8210;Jamesfort;RO;Isenção;Lei 802;Issue pressure pull fall.;23/03/2021;22/10/2029
22669559208019;Wilson, Hernandez and Wilson;PLC;9443;CNAE 5938;North Matthew;RJ;Isenção;Lei 6035;Wall newspaper find push laugh.;07/02/2023;07/06/2025
14741908634516;Moore Ltd;Ltd;4395;CNAE 8989;New Jessica;AP;Redução de Alíquota;Lei 9015;Now too speak he.;04/08/2021;02/02/2028
46013603301123;Rice-Robbins;Ltd;7346;CNAE 7376;Patriciamouth;GO;Outros;Lei 6911;Detail significant nation thus parent meeting.;05/11/2022;12/04/2029
25073895973589;Pham Ltd;LLC;6582;CNAE 2852;West Kristineview;AP;Suspensão;Lei 2829;Audience after opportunity say.;08/08/2020;06/03/2028
48771596612264;Reed, Fritz and Clay;PLC;2624;CNAE 3357;New Renee;SC;Isenção;Lei 1802;Choice throw across pretty north discussion order.;10/05/2022;10/04/2025
90795457427938;Morris Group;LLC;3989;CNAE 7191;East Jamie;AP;Redução de Alíquota;Lei 804;Want the or event team.;07/02/2024;23/03/2025
18744690039889;Ford-Ward;Ltd;5494;CNAE 6290;West Stephenshire;PA;Isenção;Lei 2641;Top finish attorney would test quickly Democrat dinner.;26/04/2022;30/05/2026
22219750703821;Bridges, Price and Hunt;and Sons;2851;CNAE 7641;Justintown;MA;Redução de Alíquota;Lei 9416;Whom walk focus relationship.;06/03/2022;27/07/2025
79583535651999;Pugh-Orr;and Sons;8012;CNAE 3679;Samanthastad;AP;Isenção;Lei 5841;Ask all identify huge of either.;09/11/2020;15/12/2024
